ROE,DE_Ratio,PE_Ratio
1.969588727502368,2.614461635617304,31.369736
0.2413396506202756,0.8419472675322797,36.36808
1.5007132667617689,2.163924552226977,31.369736
0.2341339246673746,0.1158684177650071,19.925222
0.1845473419614518,0.2115214814696968,28.657421
0.5870435217608805,1.6353593463398366,97.94546
