ROE,DE_Ratio,PE_Ratio
0.3924059231082733,1.1448852058144274,18.931507
0.4864879919048636,2.341768861575024,63.30204
0.1511293834902006,1.3314007039203606,14.0878315
0.1758283610511616,0.2029911817267409,14.506631
0.1288808614862553,1.1626917340557996,14.0878315
0.1539984831886744,1.5423232493469283,26.55056
